TABLE_CATALOG,TABLE_SCHEMA,TABLE_NAME,TABLE_LABEL,NAV_MENU,COLUMN_NAME,COLUMN_LABEL,FK_TYPE,FK_TABLE,TEST_DATA_SET,ORDINAL_POSITION,COLUMN_DEFAULT,RWK,IS_NULLABLE,DATA_TYPE,MSSQL_DATA_TYPE,CHARACTER_MAXIMUM_LENGTH,CHARACTER_OCTET_LENGTH,NUMERIC_PRECISION,NUMERIC_PRECISION_RADIX,NUMERIC_SCALE,DATETIME_PRECISION,CHARACTER_SET_CATALOG,CHARACTER_SET_SCHEMA,CHARACTER_SET_NAME,COLLATION_CATALOG,COLLATION_SCHEMA,COLLATION_NAME,DOMAIN_CATALOG,DOMAIN_SCHEMA,DOMAIN_NAME,URI,IS_AUDITED
,core,org,Organization,Admin,id,Organization ID,,,,1,NULL,0,NO,BIGINT,bigint,NULL,NULL,19,10,0,NULL,NULL,NULL,NULL,NULL,NULL,NULL,NULL,NULL,NULL,,1
,core,org,,,name,Name,,,companies,2,NULL,1,NO,VARCHAR,nvarchar,255,510,NULL,NULL,NULL,NULL,NULL,NULL,UNICODE,NULL,NULL,SQL_Latin1_General_CP1_CI_AS,NULL,NULL,NULL,,1
,core,principal,Principal,Admin,id,Principal ID,,,,1,NULL,0,NO,BIGINT,bigint,NULL,NULL,19,10,0,NULL,NULL,NULL,NULL,NULL,NULL,NULL,NULL,NULL,NULL,,1
,core,principal,,,first_name,First,,,firstnames,5,NULL,0,YES,VARCHAR,nvarchar,50,100,NULL,NULL,NULL,NULL,NULL,NULL,UNICODE,NULL,NULL,SQL_Latin1_General_CP1_CI_AS,NULL,NULL,NULL,,1
,core,principal,,,last_name,Last,,,lastnames,6,NULL,0,YES,VARCHAR,nvarchar,50,100,NULL,NULL,NULL,NULL,NULL,NULL,UNICODE,NULL,NULL,SQL_Latin1_General_CP1_CI_AS,NULL,NULL,NULL,,1
,core,principal,,,username,Username,,,os_user,2,NULL,0,NO,VARCHAR,nvarchar,50,100,NULL,NULL,NULL,NULL,NULL,NULL,UNICODE,NULL,NULL,SQL_Latin1_General_CP1_CI_AS,NULL,NULL,NULL,,1
,core,principal,,,email,Email,,,emailAddresses,4,NULL,1,NO,VARCHAR,nvarchar,100,200,NULL,NULL,NULL,NULL,NULL,NULL,UNICODE,NULL,NULL,SQL_Latin1_General_CP1_CI_AS,NULL,NULL,NULL,,1
,core,principal,,,principal_status_id,Status,enum,principal_status,enabled,5,NULL,1,NO,INTEGER,int,NULL,NULL,NULL,NULL,NULL,NULL,NULL,NULL,NULL,NULL,NULL,NULL,NULL,NULL,,1,
,core,principal,,,created_date,Created,,,,7,(getdate()),0,YES,TIMESTAMP,datetime,NULL,NULL,NULL,NULL,NULL,3,NULL,NULL,NULL,NULL,NULL,NULL,NULL,NULL,NULL,,1
,core,principal,,,last_login_date,Last Login,,,,8,NULL,0,YES,TIMESTAMP,datetime,NULL,NULL,NULL,NULL,NULL,3,NULL,NULL,NULL,NULL,NULL,NULL,NULL,NULL,NULL,,1
,core,principal_org,Principals,,id,Principal Org ID,,,,1,NULL,0,YES,BIGINT,bigint,NULL,NULL,19,10,0,NULL,NULL,NULL,NULL,NULL,NULL,NULL,NULL,NULL,NULL,,1
,core,principal_org,,,org_id,Organization ID,map,org,,1,NULL,1,YES,BIGINT,bigint,NULL,NULL,19,10,0,NULL,NULL,NULL,NULL,NULL,NULL,NULL,NULL,NULL,NULL,,1
,core,principal_org,,,principal_id,Principal ID,map,principal,,2,NULL,1,YES,BIGINT,bigint,NULL,NULL,19,10,0,NULL,NULL,NULL,NULL,NULL,NULL,NULL,NULL,NULL,NULL,,1
,core,script,Scripts,System,id,Script ID,,,,1,NULL,0,NO,BIGINT,bigint,NULL,NULL,19,10,0,NULL,NULL,NULL,NULL,NULL,NULL,NULL,NULL,NULL,NULL,,1
,core,script,,,name,Name,,,,2,NULL,1,NO,VARCHAR,nvarchar,255,510,NULL,NULL,NULL,NULL,NULL,NULL,UNICODE,NULL,NULL,SQL_Latin1_General_CP1_CI_AS,NULL,NULL,NULL,,1
,core,script,,,source,Source Code,,,,3,NULL,0,NO,VARCHAR,nvarchar,4096,NULL,NULL,NULL,NULL,NULL,NULL,NULL,UNICODE,NULL,NULL,SQL_Latin1_General_CP1_CI_AS,NULL,NULL,NULL,,1
,core,script,,,script_type_id,Script Type,enum,script_type,,4,1,1,NO,BIGINT,bigint,NULL,NULL,19,10,0,NULL,NULL,NULL,NULL,NULL,NULL,NULL,NULL,NULL,NULL,,1
,core,event_service,Events,System,id,Event ID,,,,1,NULL,0,NO,BIGINT,bigint,NULL,NULL,19,10,0,NULL,NULL,NULL,NULL,NULL,NULL,NULL,NULL,NULL,NULL,,1
,core,event_service,,,event_type,Event Type,,,,3,NULL,1,NO,VARCHAR,nvarchar,255,510,NULL,NULL,NULL,NULL,NULL,NULL,UNICODE,NULL,NULL,SQL_Latin1_General_CP1_CI_AS,NULL,NULL,NULL,,1
,core,event_service,,,objectname_filter,Object Filter,,,,3,NULL,1,NO,VARCHAR,nvarchar,255,510,NULL,NULL,NULL,NULL,NULL,NULL,UNICODE,NULL,NULL,SQL_Latin1_General_CP1_CI_AS,NULL,NULL,NULL,,1
,core,event_service,,,methodname_filter,Method Filter,,,,4,NULL,1,NO,VARCHAR,nvarchar,255,510,NULL,NULL,NULL,NULL,NULL,NULL,UNICODE,NULL,NULL,SQL_Latin1_General_CP1_CI_AS,NULL,NULL,NULL,,1
,core,event_service,,,script_id,Script ID,enum,script,,5,NULL,1,NO,BIGINT,bigint,NULL,NULL,19,10,0,NULL,NULL,NULL,NULL,NULL,NULL,NULL,NULL,NULL,NULL,,1
,core,operation,Operations,Admin,id,Action ID,,,,1,NULL,0,NO,BIGINT,bigint,NULL,NULL,19,10,0,NULL,NULL,NULL,NULL,NULL,NULL,NULL,NULL,NULL,NULL,,1
,core,operation,,,objectname,Object,,,,2,NULL,1,YES,VARCHAR,nvarchar,50,100,NULL,NULL,NULL,NULL,NULL,NULL,UNICODE,NULL,NULL,SQL_Latin1_General_CP1_CI_AS,NULL,NULL,NULL,,1
,core,operation,,,methodname,Method,,,,3,NULL,1,YES,VARCHAR,nvarchar,50,100,NULL,NULL,NULL,NULL,NULL,NULL,UNICODE,NULL,NULL,SQL_Latin1_General_CP1_CI_AS,NULL,NULL,NULL,,1
,core,op_role,Role,Admin,id,Role ID,,,,1,NULL,0,NO,BIGINT,bigint,NULL,NULL,19,10,0,NULL,NULL,NULL,NULL,NULL,NULL,NULL,NULL,NULL,NULL,,1
,core,op_role,,,name,Role Name,,,,2,NULL,1,NO,VARCHAR,nvarchar,255,510,NULL,NULL,NULL,NULL,NULL,NULL,UNICODE,NULL,NULL,SQL_Latin1_General_CP1_CI_AS,NULL,NULL,NULL,,1
,core,op_role_map,Operation Group Map,,id,Operation Role Map ID,,,,1,NULL,0,NO,BIGINT,bigint,NULL,NULL,19,10,0,NULL,NULL,NULL,NULL,NULL,NULL,NULL,NULL,NULL,NULL,,1
,core,op_role_map,,,op_id,Operation ID,map,operation,,2,NULL,1,NO,BIGINT,bigint,NULL,NULL,19,10,0,NULL,NULL,NULL,NULL,NULL,NULL,NULL,NULL,NULL,NULL,,1
,core,op_role_map,,,op_role_id,Role ID,map,op_role,,3,NULL,1,NO,BIGINT,bigint,NULL,NULL,19,10,0,NULL,NULL,NULL,NULL,NULL,NULL,NULL,NULL,NULL,NULL,,1
,core,op_role_member,Operation Role Members,,id,Member ID,,,,1,NULL,0,NO,BIGINT,bigint,NULL,NULL,19,10,0,NULL,NULL,NULL,NULL,NULL,NULL,NULL,NULL,NULL,NULL,,1
,core,op_role_member,,,principal_id,Username,map,principal,,2,NULL,1,NO,BIGINT,bigint,NULL,NULL,19,10,0,NULL,NULL,NULL,NULL,NULL,NULL,NULL,NULL,NULL,NULL,,1
,core,op_role_member,,,op_role_id,Role,map,op_role,,3,NULL,1,NO,BIGINT,bigint,NULL,NULL,19,10,0,NULL,NULL,NULL,NULL,NULL,NULL,NULL,NULL,NULL,NULL,,1
,core,exec_log,Execution Log,System,id,Execution ID,,,,1,NULL,0,NO,BIGINT,bigint,NULL,NULL,19,10,0,NULL,NULL,NULL,NULL,NULL,NULL,NULL,NULL,NULL,NULL,,0
,core,exec_log,,,token,Token,,,,2,NULL,1,NO,VARCHAR,nvarchar,255,510,NULL,NULL,NULL,NULL,NULL,NULL,UNICODE,NULL,NULL,SQL_Latin1_General_CP1_CI_AS,NULL,NULL,NULL,,0
,core,exec_log,,,workflow_id,Process,parent,workflow,,3,NULL,1,YES,BIGINT,bigint,NULL,NULL,19,10,0,NULL,NULL,NULL,NULL,NULL,NULL,NULL,NULL,NULL,NULL,,0
,core,exec_log,,,start_time,Start Time,,,,4,NULL,1,NO,TIMESTAMP,datetime,NULL,NULL,NULL,NULL,NULL,3,NULL,NULL,NULL,NULL,NULL,NULL,NULL,NULL,NULL,,0
,core,exec_log,,,end_time,End Time,,,,5,NULL,1,YES,TIMESTAMP,datetime,NULL,NULL,NULL,NULL,NULL,3,NULL,NULL,NULL,NULL,NULL,NULL,NULL,NULL,NULL,,0
,core,exec_log,,,exec_status_id,Status,,,,6,NULL,0,YES,BIGINT,bigint,NULL,NULL,19,10,0,NULL,NULL,NULL,NULL,NULL,NULL,NULL,NULL,NULL,NULL,,0
,core,exec_log,,,stdout,Stdout,,,,7,NULL,0,YES,VARCHAR,nvarchar,4096,510,NULL,NULL,NULL,NULL,NULL,NULL,UNICODE,NULL,NULL,SQL_Latin1_General_CP1_CI_AS,NULL,NULL,NULL,,0
,core,exec_log,,,stderr,Stderr,,,,8,NULL,0,YES,VARCHAR,nvarchar,4096,510,NULL,NULL,NULL,NULL,NULL,NULL,UNICODE,NULL,NULL,SQL_Latin1_General_CP1_CI_AS,NULL,NULL,NULL,,0
,core,process,Process,System,id,Process ID,,,,1,NULL,0,NO,BIGINT,bigint,NULL,NULL,19,10,0,NULL,NULL,NULL,NULL,NULL,NULL,NULL,NULL,NULL,NULL,,1
,core,process,,,name,Name,,,,2,NULL,1,NO,VARCHAR,nvarchar,255,510,NULL,NULL,NULL,NULL,NULL,NULL,UNICODE,NULL,NULL,SQL_Latin1_General_CP1_CI_AS,NULL,NULL,NULL,,1
,core,process,,,script_id,Script,,script,,3,NULL,0,YES,BIGINT,bigint,NULL,NULL,19,10,0,NULL,NULL,NULL,NULL,NULL,NULL,NULL,NULL,NULL,NULL,,1
,core,schedule,Schedule,System,id,,,,,1,NULL,0,NO,BIGINT,bigint,NULL,NULL,19,10,0,NULL,NULL,NULL,NULL,NULL,NULL,NULL,NULL,NULL,NULL,,1
,core,schedule,,,name,Name,,,,2,NULL,1,NO,VARCHAR,nvarchar,255,510,NULL,NULL,NULL,NULL,NULL,NULL,UNICODE,NULL,NULL,SQL_Latin1_General_CP1_CI_AS,NULL,NULL,NULL,,1
,core,schedule,,,cron_every_id,Run At,enum,cron_every,,3,NULL,0,YES,BIGINT,bigint,NULL,NULL,19,10,0,NULL,NULL,NULL,NULL,NULL,NULL,NULL,NULL,NULL,NULL,,1
,core,schedule,,,cron_minute_id,Minute,enum,cron_minute,,4,NULL,0,YES,BIGINT,bigint,NULL,NULL,19,10,0,NULL,NULL,NULL,NULL,NULL,NULL,NULL,NULL,NULL,NULL,,1
,core,schedule,,,cron_hour_id,Hour,enum,cron_hour,,5,NULL,0,YES,BIGINT,bigint,NULL,NULL,19,10,0,NULL,NULL,NULL,NULL,NULL,NULL,NULL,NULL,NULL,NULL,,1
,core,schedule,,,cron_dom_id,Day Of Month,enum,cron_dom,,6,NULL,0,YES,BIGINT,bigint,NULL,NULL,19,10,0,NULL,NULL,NULL,NULL,NULL,NULL,NULL,NULL,NULL,NULL,,1
,core,schedule,,,cron_month_id,Month,enum,cron_month,,7,NULL,0,YES,BIGINT,bigint,NULL,NULL,19,10,0,NULL,NULL,NULL,NULL,NULL,NULL,NULL,NULL,NULL,NULL,,1
,core,schedule,,,cron_dow_id,Day Of Week,enum,cron_dow,,8,NULL,0,YES,BIGINT,bigint,NULL,NULL,19,10,0,NULL,NULL,NULL,NULL,NULL,NULL,NULL,NULL,NULL,NULL,,1
,core,schedule,,,schedule_label,Schedule Label,,,,2,NULL,0,NO,VARCHAR,nvarchar,255,510,NULL,NULL,NULL,NULL,NULL,NULL,UNICODE,NULL,NULL,SQL_Latin1_General_CP1_CI_AS,NULL,NULL,NULL,,1
,core,schedule,,,next_run_time,Next Run Time,,,,3,NULL,0,YES,TIMESTAMP,datetime,NULL,NULL,NULL,NULL,NULL,3,NULL,NULL,NULL,NULL,NULL,NULL,NULL,NULL,NULL,,1
,core,schedule,,,last_run_time,Last Run Time,,,,4,NULL,0,YES,TIMESTAMP,datetime,NULL,NULL,NULL,NULL,NULL,3,NULL,NULL,NULL,NULL,NULL,NULL,NULL,NULL,NULL,,1
,core,cron_every,,,id,Every ID,,,,1,NULL,0,NO,BIGINT,bigint,NULL,NULL,19,10,0,NULL,NULL,NULL,NULL,NULL,NULL,NULL,NULL,NULL,NULL,,1
,core,cron_every,,,name,Run At,,,,2,NULL,1,NO,VARCHAR,nvarchar,10,20,NULL,NULL,NULL,NULL,NULL,NULL,UNICODE,NULL,NULL,SQL_Latin1_General_CP1_CI_AS,NULL,NULL,NULL,,1
,core,cron_minute,,,id,Minute ID,,,,1,NULL,0,NO,BIGINT,bigint,NULL,NULL,19,10,0,NULL,NULL,NULL,NULL,NULL,NULL,NULL,NULL,NULL,NULL,,1
,core,cron_minute,,,name,Minute,,,,2,NULL,1,NO,VARCHAR,nvarchar,10,20,NULL,NULL,NULL,NULL,NULL,NULL,UNICODE,NULL,NULL,SQL_Latin1_General_CP1_CI_AS,NULL,NULL,NULL,,1
,core,cron_hour,,,id,Hour ID,,,,1,NULL,0,NO,BIGINT,bigint,NULL,NULL,19,10,0,NULL,NULL,NULL,NULL,NULL,NULL,NULL,NULL,NULL,NULL,,1
,core,cron_hour,,,name,Hour,,,,2,NULL,1,NO,VARCHAR,nvarchar,10,20,NULL,NULL,NULL,NULL,NULL,NULL,UNICODE,NULL,NULL,SQL_Latin1_General_CP1_CI_AS,NULL,NULL,NULL,,1
,core,cron_dom,,,id,Day Of Month ID,,,,1,NULL,0,NO,BIGINT,bigint,NULL,NULL,19,10,0,NULL,NULL,NULL,NULL,NULL,NULL,NULL,NULL,NULL,NULL,,1
,core,cron_dom,,,name,Day Of Month,,,,2,NULL,1,NO,VARCHAR,nvarchar,10,20,NULL,NULL,NULL,NULL,NULL,NULL,UNICODE,NULL,NULL,SQL_Latin1_General_CP1_CI_AS,NULL,NULL,NULL,,1
,core,cron_month,,,id,Month ID,,,,1,NULL,0,NO,BIGINT,bigint,NULL,NULL,19,10,0,NULL,NULL,NULL,NULL,NULL,NULL,NULL,NULL,NULL,NULL,,1
,core,cron_month,,,name,Month,,,,2,NULL,1,NO,VARCHAR,nvarchar,10,20,NULL,NULL,NULL,NULL,NULL,NULL,UNICODE,NULL,NULL,SQL_Latin1_General_CP1_CI_AS,NULL,NULL,NULL,,1
,core,cron_dow,,,id,Day Of Week ID,,,,1,NULL,0,NO,BIGINT,bigint,NULL,NULL,19,10,0,NULL,NULL,NULL,NULL,NULL,NULL,NULL,NULL,NULL,NULL,,1
,core,cron_dow,,,name,Day Of Week,,,,2,NULL,1,NO,VARCHAR,nvarchar,10,20,NULL,NULL,NULL,NULL,NULL,NULL,UNICODE,NULL,NULL,SQL_Latin1_General_CP1_CI_AS,NULL,NULL,NULL,,1
,core,workflow,Workflow,System,id,Workflow ID,,,,1,NULL,0,NO,BIGINT,bigint,NULL,NULL,19,10,0,NULL,NULL,NULL,NULL,NULL,NULL,NULL,NULL,NULL,NULL,core/workflow,0
,core,workflow,,,workflow_type_id,Type,enum,workflow_type,,2,NULL,0,NO,BIGINT,bigint,NULL,NULL,19,10,0,NULL,NULL,NULL,NULL,NULL,NULL,NULL,NULL,NULL,NULL,,0
,core,workflow,,,parent_id,Parent,parent,workflow,,3,NULL,1,YES,BIGINT,bigint,NULL,NULL,19,10,0,NULL,NULL,NULL,NULL,NULL,NULL,NULL,NULL,NULL,NULL,,0
,core,workflow,,,name,Name,,,,4,NULL,1,NO,VARCHAR,nvarchar,255,510,NULL,NULL,NULL,NULL,NULL,NULL,UNICODE,NULL,NULL,SQL_Latin1_General_CP1_CI_AS,NULL,NULL,NULL,,0
,core,workflow,,,seq,Sequence,,,,5,NULL,0,YES,INTEGER,int,NULL,NULL,NULL,NULL,NULL,NULL,NULL,NULL,NULL,NULL,NULL,NULL,NULL,NULL,NULL,,0
,core,workflow,,,server_node_id,Agent,enum,server_node,,6,NULL,0,YES,BIGINT,bigint,NULL,NULL,19,10,0,NULL,NULL,NULL,NULL,NULL,NULL,NULL,NULL,NULL,NULL,,0
,core,workflow,,,process_id,Process,enum,process,,7,NULL,0,YES,BIGINT,bigint,NULL,NULL,19,10,0,NULL,NULL,NULL,NULL,NULL,NULL,NULL,NULL,NULL,NULL,,0
,core,workflow,,,exec_status_id,Status,enum,exec_status,,8,NULL,0,YES,BIGINT,bigint,NULL,NULL,NULL,NULL,NULL,NULL,NULL,NULL,NULL,NULL,NULL,NULL,NULL,NULL,NULL,,0
,core,workflow,,,last_start_time,Last Start Time,,,,9,NULL,0,NO,TIMESTAMP,datetime,NULL,NULL,NULL,NULL,NULL,3,NULL,NULL,NULL,NULL,NULL,NULL,NULL,NULL,NULL,,0
,core,workflow,,,last_end_time,LastEnd Time,,,,10,NULL,0,YES,TIMESTAMP,datetime,NULL,NULL,NULL,NULL,NULL,3,NULL,NULL,NULL,NULL,NULL,NULL,NULL,NULL,NULL,,0
,core,workflow,,,schedule_id,Schedule,enum,schedule,,11,NULL,0,YES,BIGINT,bigint,NULL,NULL,19,10,0,NULL,NULL,NULL,NULL,NULL,NULL,NULL,NULL,NULL,NULL,,0
,core,workflow,,,on_failure_action_id,On Failure,enum,on_failure,,12,NULL,0,YES,BIGINT,bigint,NULL,NULL,19,10,0,NULL,NULL,NULL,NULL,NULL,NULL,NULL,NULL,NULL,NULL,,0
,core,server_node,Server Node,System,id,Server Node ID,,,,1,NULL,0,NO,BIGINT,bigint,NULL,NULL,19,10,0,NULL,NULL,NULL,NULL,NULL,NULL,NULL,NULL,NULL,NULL,,0
,core,server_node,,,server_node_type_id,Server Node Type,enum,server_node_type,,2,NULL,0,NO,BIGINT,bigint,NULL,NULL,19,10,0,NULL,NULL,NULL,NULL,NULL,NULL,NULL,NULL,NULL,NULL,,0
,core,server_node,,,hostname,Hostname,,,,3,NULL,1,NO,VARCHAR,nvarchar,255,510,NULL,NULL,NULL,NULL,NULL,NULL,UNICODE,NULL,NULL,SQL_Latin1_General_CP1_CI_AS,NULL,NULL,NULL,,0
,core,server_node,,,ip_address,Address,,,,4,NULL,0,NO,VARCHAR,nvarchar,255,510,NULL,NULL,NULL,NULL,NULL,NULL,UNICODE,NULL,NULL,SQL_Latin1_General_CP1_CI_AS,NULL,NULL,NULL,,0
,core,server_node,,,port,Port,,,,5,NULL,1,YES,INTEGER,int,NULL,NULL,NULL,NULL,NULL,NULL,NULL,NULL,NULL,NULL,NULL,NULL,NULL,NULL,NULL,,0
,core,server_node,,,username,Username,,,,6,NULL,0,YES,VARCHAR,nvarchar,255,510,NULL,NULL,NULL,NULL,NULL,NULL,UNICODE,NULL,NULL,SQL_Latin1_General_CP1_CI_AS,NULL,NULL,NULL,,0
,core,server_node,,,url,URL,,,,7,NULL,0,YES,VARCHAR,nvarchar,255,510,NULL,NULL,NULL,NULL,NULL,NULL,UNICODE,NULL,NULL,SQL_Latin1_General_CP1_CI_AS,NULL,NULL,NULL,,0
,core,server_node,,,user_domain,User Domain,,,,8,NULL,0,YES,VARCHAR,nvarchar,255,510,NULL,NULL,NULL,NULL,NULL,NULL,UNICODE,NULL,NULL,SQL_Latin1_General_CP1_CI_AS,NULL,NULL,NULL,,0
,core,server_node,,,os_name,OS Name,,,,9,NULL,0,YES,VARCHAR,nvarchar,255,510,NULL,NULL,NULL,NULL,NULL,NULL,UNICODE,NULL,NULL,SQL_Latin1_General_CP1_CI_AS,NULL,NULL,NULL,,0
,core,server_node,,,os_version,OS Version,,,,10,NULL,0,YES,VARCHAR,nvarchar,255,510,NULL,NULL,NULL,NULL,NULL,NULL,UNICODE,NULL,NULL,SQL_Latin1_General_CP1_CI_AS,NULL,NULL,NULL,,0
,core,server_node,,,architecture,Architecture,,,,11,NULL,0,YES,VARCHAR,nvarchar,255,510,NULL,NULL,NULL,NULL,NULL,NULL,UNICODE,NULL,NULL,SQL_Latin1_General_CP1_CI_AS,NULL,NULL,NULL,,0
,core,server_node,,,registered_at,Registered At,,,,12,NULL,0,YES,TIMESTAMP,datetime,NULL,NULL,NULL,NULL,NULL,3,NULL,NULL,NULL,NULL,NULL,NULL,NULL,NULL,NULL,,0
,core,server_node,,,server_node_status_id,Status,enum,server_node_status,,13,NULL,0,YES,BIGINT,bigint,NULL,NULL,NULL,NULL,NULL,NULL,NULL,NULL,NULL,NULL,NULL,NULL,NULL,NULL,NULL,,0
,core,sql,Query,System,id,Query ID,,,,1,NULL,0,NO,BIGINT,bigint,NULL,NULL,19,10,0,NULL,NULL,NULL,NULL,NULL,NULL,NULL,NULL,NULL,NULL,,1
,core,sql,,,name,Name,,,,2,NULL,1,NO,VARCHAR,nvarchar,255,510,NULL,NULL,NULL,NULL,NULL,NULL,UNICODE,NULL,NULL,SQL_Latin1_General_CP1_CI_AS,NULL,NULL,NULL,,1
,core,sql,,,data_source_id,Data Source ID,enum,data_source,,2,NULL,0,NO,BIGINT,bigint,NULL,NULL,19,10,0,NULL,NULL,NULL,NULL,NULL,NULL,NULL,NULL,NULL,NULL,,1
,core,sql,,,sql_text,SQL Text,,,,3,NULL,0,NO,VARCHAR,nvarchar,4096,NULL,NULL,NULL,NULL,NULL,NULL,NULL,UNICODE,NULL,NULL,SQL_Latin1_General_CP1_CI_AS,NULL,NULL,NULL,,1
,core,sql,,,description,Description,,,,4,NULL,0,YES,VARCHAR,nvarchar,1000,510,NULL,NULL,NULL,NULL,NULL,NULL,UNICODE,NULL,NULL,SQL_Latin1_General_CP1_CI_AS,NULL,NULL,NULL,,1
,core,nav_menu,Main Menu,,id,Nav Menu ID,,,,1,NULL,0,NO,BIGINT,bigint,NULL,NULL,19,10,0,NULL,NULL,NULL,NULL,NULL,NULL,NULL,NULL,NULL,NULL,,1
,core,nav_menu,,,parent_id,Parent Menu ID,parent,nav_menu,,2,NULL,0,NO,BIGINT,bigint,NULL,NULL,19,10,0,NULL,NULL,NULL,NULL,NULL,NULL,NULL,NULL,NULL,NULL,,1
,core,nav_menu,,,ordinal,Ordinal,,,,3,NULL,0,NO,INTEGER,bigint,NULL,NULL,19,10,0,NULL,NULL,NULL,NULL,NULL,NULL,NULL,NULL,NULL,NULL,,1
,core,nav_menu,,,name,Name,,,,4,NULL,1,NO,VARCHAR,nvarchar,1000,510,NULL,NULL,NULL,NULL,NULL,NULL,UNICODE,NULL,NULL,SQL_Latin1_General_CP1_CI_AS,NULL,NULL,NULL,,1
,core,nav_menu,,,link,Link,,,,5,NULL,0,YES,VARCHAR,nvarchar,1000,510,NULL,NULL,NULL,NULL,NULL,NULL,UNICODE,NULL,NULL,SQL_Latin1_General_CP1_CI_AS,NULL,NULL,NULL,,1
,core,data_source,Data Source,System,id,Data Source ID,,,,1,NULL,0,NO,BIGINT,bigint,NULL,NULL,19,10,0,NULL,NULL,NULL,NULL,NULL,NULL,NULL,NULL,NULL,NULL,,1
,core,data_source,,,name,Name,,,,2,NULL,1,NO,VARCHAR,nvarchar,255,510,NULL,NULL,NULL,NULL,NULL,NULL,UNICODE,NULL,NULL,SQL_Latin1_General_CP1_CI_AS,NULL,NULL,NULL,,1
,core,agent_status,Agent Status,,id,Agent Status ID,,,,1,NULL,0,NO,BIGINT,bigint,NULL,NULL,19,10,0,NULL,NULL,NULL,NULL,NULL,NULL,NULL,NULL,NULL,NULL,,1
,core,agent_status,,,name,Status,,,,2,NULL,1,NO,VARCHAR,nvarchar,255,510,NULL,NULL,NULL,NULL,NULL,NULL,UNICODE,NULL,NULL,SQL_Latin1_General_CP1_CI_AS,NULL,NULL,NULL,,1
,core,on_failure,On Failure Code,,id,On Failure ID,,,,1,NULL,0,NO,BIGINT,bigint,NULL,NULL,19,10,0,NULL,NULL,NULL,NULL,NULL,NULL,NULL,NULL,NULL,NULL,,1
,core,on_failure,,,action,Action,,,,2,NULL,1,NO,VARCHAR,nvarchar,255,510,NULL,NULL,NULL,NULL,NULL,NULL,UNICODE,NULL,NULL,SQL_Latin1_General_CP1_CI_AS,NULL,NULL,NULL,,1
,core,exec_status,Execution Status,,id,Exec Status ID,,,,1,NULL,0,NO,BIGINT,bigint,NULL,NULL,19,10,0,NULL,NULL,NULL,NULL,NULL,NULL,NULL,NULL,NULL,NULL,,1
,core,exec_status,,,name,Name,,,,2,NULL,1,NO,VARCHAR,nvarchar,255,510,NULL,NULL,NULL,NULL,NULL,NULL,UNICODE,NULL,NULL,SQL_Latin1_General_CP1_CI_AS,NULL,NULL,NULL,,1
,core,exec_status,,,image,Image,,,,3,NULL,1,NO,VARCHAR,nvarchar,255,510,NULL,NULL,NULL,NULL,NULL,NULL,UNICODE,NULL,NULL,SQL_Latin1_General_CP1_CI_AS,NULL,NULL,NULL,,1
,core,server_node_status,Server Node Status,,id,Server Node Status ID,,,,1,NULL,0,NO,BIGINT,bigint,NULL,NULL,19,10,0,NULL,NULL,NULL,NULL,NULL,NULL,NULL,NULL,NULL,NULL,,1
,core,server_node_status,,,name,Status,,,,2,NULL,1,NO,VARCHAR,nvarchar,255,510,NULL,NULL,NULL,NULL,NULL,NULL,UNICODE,NULL,NULL,SQL_Latin1_General_CP1_CI_AS,NULL,NULL,NULL,,1
,core,script_type,Script Type,,id,Script Type ID,,,,1,NULL,0,NO,BIGINT,bigint,NULL,NULL,19,10,0,NULL,NULL,NULL,NULL,NULL,NULL,NULL,NULL,NULL,NULL,,1
,core,script_type,,,name,Name,,,,2,NULL,1,NO,VARCHAR,nvarchar,255,510,NULL,NULL,NULL,NULL,NULL,NULL,UNICODE,NULL,NULL,SQL_Latin1_General_CP1_CI_AS,NULL,NULL,NULL,,1
,core,server_node_type,Server Node Type,,id,Server Node Type ID,,,,1,NULL,0,NO,BIGINT,bigint,NULL,NULL,19,10,0,NULL,NULL,NULL,NULL,NULL,NULL,NULL,NULL,NULL,NULL,,1
,core,server_node_type,,,name,Name,,,,2,NULL,1,NO,VARCHAR,nvarchar,255,510,NULL,NULL,NULL,NULL,NULL,NULL,UNICODE,NULL,NULL,SQL_Latin1_General_CP1_CI_AS,NULL,NULL,NULL,,1
,core,workflow_type,Workflow Type,,id,Workflow Type ID,,,,1,NULL,0,NO,BIGINT,bigint,NULL,NULL,19,10,0,NULL,NULL,NULL,NULL,NULL,NULL,NULL,NULL,NULL,NULL,,1
,core,workflow_type,,,name,Name,,,,2,NULL,1,NO,VARCHAR,nvarchar,255,510,NULL,NULL,NULL,NULL,NULL,NULL,UNICODE,NULL,NULL,SQL_Latin1_General_CP1_CI_AS,NULL,NULL,NULL,,1
,core,principal_status,Server Node Status,,id,Principal Status ID,,,,1,NULL,0,NO,BIGINT,bigint,NULL,NULL,19,10,0,NULL,NULL,NULL,NULL,NULL,NULL,NULL,NULL,NULL,NULL,,1
,core,principal_status,,,name,Status,,,,2,NULL,1,NO,VARCHAR,nvarchar,255,510,NULL,NULL,NULL,NULL,NULL,NULL,UNICODE,NULL,NULL,SQL_Latin1_General_CP1_CI_AS,NULL,NULL,NULL,,1